{"cameraMode":{"drawMode":0,"name":"Shaded","section":"Shading Mode"},"sceneLighting":true,"audioPlay":false,"sceneViewState":{"m_AlwaysRefresh":false,"showFog":true,"showSkybox":true,"showFlares":true,"showImageEffects":true,"showParticleSystems":true,"showVisualEffectGraphs":true,"m_FxEnabled":true},"in2DMode":false,"pivot":{"x":0.6253446936607361,"y":3.7795417308807375,"z":1.7633066177368165},"rotation":{"x":-0.6081659197807312,"y":-0.030460918322205545,"z":0.023369712755084039,"w":-0.7928876280784607},"size":14.142135620117188,"orthographic":false}