{"cameraMode":{"drawMode":0,"name":"Shaded","section":"Shading Mode"},"sceneLighting":true,"audioPlay":false,"sceneViewState":{"m_AlwaysRefresh":false,"showFog":true,"showSkybox":true,"showFlares":true,"showImageEffects":true,"showParticleSystems":true,"showVisualEffectGraphs":true,"m_FxEnabled":true},"in2DMode":false,"pivot":{"x":-0.3011569380760193,"y":4.491605758666992,"z":-7.383814811706543},"rotation":{"x":0.1852038949728012,"y":0.019158435985445977,"z":-0.003597466042265296,"w":0.9825478196144104},"size":5.623152732849121,"orthographic":false}